first_name,last_name,last_rental
MARY,SMITH,"2005-08-22 20:03:46"
PATRICIA,JOHNSON,"2005-08-23 17:39:35"
LINDA,WILLIAMS,"2005-08-23 07:10:14"
BARBARA,JONES,"2005-08-23 07:43:00"
ELIZABETH,BROWN,"2006-02-14 15:16:03"
JENNIFER,DAVIS,"2005-08-23 06:41:32"
MARIA,MILLER,"2005-08-21 04:49:48"
SUSAN,WILSON,"2005-08-23 14:31:19"
MARGARET,MOORE,"2006-02-14 15:16:03"
DOROTHY,TAYLOR,"2005-08-22 21:59:29"
LISA,ANDERSON,"2006-02-14 15:16:03"
NANCY,THOMAS,"2005-08-23 20:28:44"
KAREN,JACKSON,"2005-08-22 20:51:24"
BETTY,WHITE,"2006-02-14 15:16:03"
HELEN,HARRIS,"2006-02-14 15:16:03"
SANDRA,MARTIN,"2005-08-21 14:45:34"
DONNA,THOMPSON,"2005-08-23 12:41:38"
CAROL,GARCIA,"2005-08-20 01:29:29"
RUTH,MARTINEZ,"2005-08-23 03:46:47"
SHARON,ROBINSON,"2005-08-23 01:10:42"
MICHELLE,CLARK,"2006-02-14 15:16:03"
LAURA,RODRIGUEZ,"2006-02-14 15:16:03"
SARAH,LEWIS,"2006-02-14 15:16:03"
KIMBERLY,LEE,"2005-08-22 21:28:59"
DEBORAH,WALKER,"2005-08-23 20:00:30"
JESSICA,HALL,"2005-08-23 11:16:29"
SHIRLEY,ALLEN,"2005-08-22 10:00:04"
CYNTHIA,YOUNG,"2006-02-14 15:16:03"
ANGELA,HERNANDEZ,"2006-02-14 15:16:03"
MELISSA,KING,"2005-08-23 15:17:14"
BRENDA,WRIGHT,"2005-08-23 14:58:06"
AMY,LOPEZ,"2005-08-21 16:32:32"
ANNA,HILL,"2006-02-14 15:16:03"
REBECCA,SCOTT,"2005-08-21 20:54:32"
VIRGINIA,GREEN,"2005-08-21 22:25:09"
KATHLEEN,ADAMS,"2005-08-23 08:42:40"
PAMELA,BAKER,"2005-08-23 22:08:04"
MARTHA,GONZALEZ,"2005-08-23 11:55:50"
DEBRA,NELSON,"2005-08-22 12:51:38"
AMANDA,CARTER,"2005-08-22 16:06:49"
STEPHANIE,MITCHELL,"2006-02-14 15:16:03"
CAROLYN,PEREZ,"2006-02-14 15:16:03"
CHRISTINE,ROBERTS,"2006-02-14 15:16:03"
MARIE,TURNER,"2006-02-14 15:16:03"
JANET,PHILLIPS,"2005-08-23 22:13:04"
CATHERINE,CAMPBELL,"2005-08-23 12:47:26"
FRANCES,PARKER,"2005-08-23 15:39:18"
ANN,EVANS,"2005-08-22 17:27:23"
JOYCE,EDWARDS,"2005-08-21 20:02:18"
DIANE,COLLINS,"2005-08-23 21:25:03"
ALICE,STEWART,"2005-08-22 04:31:50"
JULIE,SANCHEZ,"2006-02-14 15:16:03"
HEATHER,MORRIS,"2006-02-14 15:16:03"
TERESA,ROGERS,"2005-08-23 05:20:36"
DORIS,REED,"2005-08-22 19:37:20"
GLORIA,COOK,"2006-02-14 15:16:03"
EVELYN,MORGAN,"2005-08-23 16:24:24"
JEAN,BELL,"2006-02-14 15:16:03"
CHERYL,MURPHY,"2005-08-23 17:33:04"
MILDRED,BAILEY,"2006-02-14 15:16:03"
KATHERINE,RIVERA,"2005-08-23 09:35:34"
JOAN,COOPER,"2005-08-23 06:11:52"
ASHLEY,RICHARDSON,"2005-08-22 17:30:25"
JUDITH,COX,"2006-02-14 15:16:03"
ROSE,HOWARD,"2005-08-21 09:08:51"
JANICE,WARD,"2005-08-23 06:23:26"
KELLY,TORRES,"2005-08-22 11:19:22"
NICOLE,PETERSON,"2005-08-23 03:36:26"
JUDY,GRAY,"2006-02-14 15:16:03"
CHRISTINA,RAMIREZ,"2005-08-23 07:06:38"
KATHY,JAMES,"2005-08-23 20:44:36"
THERESA,WATSON,"2005-08-22 13:57:55"
BEVERLY,BROOKS,"2006-02-14 15:16:03"
DENISE,KELLY,"2005-08-23 22:26:47"
TAMMY,SANDERS,"2006-02-14 15:16:03"
IRENE,PRICE,"2005-08-23 05:17:23"
JANE,BENNETT,"2005-08-22 21:34:00"
LORI,WOOD,"2005-08-23 22:18:51"
RACHEL,BARNES,"2005-08-21 03:14:27"
MARILYN,ROSS,"2006-02-14 15:16:03"
ANDREA,HENDERSON,"2005-08-23 16:45:28"
KATHRYN,COLEMAN,"2005-08-23 03:12:54"
LOUISE,JENKINS,"2006-02-14 15:16:03"
SARA,PERRY,"2005-08-22 18:16:50"
ANNE,POWELL,"2005-08-20 10:25:12"
JACQUELINE,LONG,"2005-08-23 18:45:06"
WANDA,PATTERSON,"2006-02-14 15:16:03"
BONNIE,HUGHES,"2005-08-23 17:13:01"
JULIA,FLORES,"2005-08-23 15:38:34"
RUBY,WASHINGTON,"2005-08-23 09:16:39"
LOIS,BUTLER,"2006-02-14 15:16:03"
TINA,SIMMONS,"2005-08-22 07:53:14"
PHYLLIS,FOSTER,"2005-08-23 17:48:30"
NORMA,GONZALES,"2006-02-14 15:16:03"
PAULA,BRYANT,"2005-08-21 03:51:52"
DIANA,ALEXANDER,"2005-08-23 20:24:36"
ANNIE,RUSSELL,"2005-08-22 08:20:15"
LILLIAN,GRIFFIN,"2005-08-23 03:58:28"
EMILY,DIAZ,"2006-02-14 15:16:03"
ROBIN,HAYES,"2006-02-14 15:16:03"
PEGGY,MYERS,"2006-02-14 15:16:03"
CRYSTAL,FORD,"2005-08-23 21:59:26"
GLADYS,HAMILTON,"2005-08-23 22:43:07"
RITA,GRAHAM,"2005-08-22 15:52:57"
DAWN,SULLIVAN,"2005-08-23 14:27:07"
CONNIE,WALLACE,"2005-08-22 14:27:37"
FLORENCE,WOODS,"2006-02-14 15:16:03"
TRACY,COLE,"2006-02-14 15:16:03"
EDNA,WEST,"2005-08-23 09:23:36"
TIFFANY,JORDAN,"2005-08-22 22:28:36"
CARMEN,OWENS,"2006-02-14 15:16:03"
ROSA,REYNOLDS,"2005-08-23 12:47:05"
CINDY,FISHER,"2005-08-23 13:18:16"
GRACE,ELLIS,"2006-02-14 15:16:03"
WENDY,HARRISON,"2006-02-14 15:16:03"
VICTORIA,GIBSON,"2005-08-22 04:44:09"
EDITH,MCDONALD,"2005-08-23 00:26:52"
KIM,CRUZ,"2005-08-23 11:33:25"
SHERRY,MARSHALL,"2005-08-23 21:52:56"
SYLVIA,ORTIZ,"2006-02-14 15:16:03"
JOSEPHINE,GOMEZ,"2005-08-23 22:20:26"
THELMA,MURRAY,"2005-08-21 19:51:09"
SHANNON,FREEMAN,"2005-08-23 13:51:57"
SHEILA,WELLS,"2005-08-23 21:45:02"
ETHEL,WEBB,"2005-08-22 10:14:39"
ELLEN,SIMPSON,"2005-08-23 21:02:43"
ELAINE,STEVENS,"2005-08-23 11:40:30"
MARJORIE,TUCKER,"2005-08-23 15:25:27"
CARRIE,PORTER,"2005-08-22 06:46:59"
CHARLOTTE,HUNTER,"2005-08-23 13:29:08"
MONICA,HICKS,"2005-08-23 22:20:40"
ESTHER,CRAWFORD,"2005-08-23 16:30:55"
PAULINE,HENRY,"2005-08-23 21:07:59"
EMMA,BOYD,"2005-08-23 19:42:46"
JUANITA,MASON,"2006-02-14 15:16:03"
ANITA,MORALES,"2005-08-23 00:34:28"
RHONDA,KENNEDY,"2005-08-23 21:56:04"
HAZEL,WARREN,"2005-08-23 02:39:56"
AMBER,DIXON,"2005-08-23 12:12:05"
EVA,RAMOS,"2005-08-23 15:47:02"
DEBBIE,REYES,"2005-08-23 19:45:25"
APRIL,BURNS,"2006-02-14 15:16:03"
LESLIE,GORDON,"2005-08-23 21:54:02"
CLARA,SHAW,"2005-08-23 12:43:30"
LUCILLE,HOLMES,"2005-08-21 10:15:20"
JAMIE,RICE,"2005-08-23 15:36:05"
JOANNE,ROBERTSON,"2005-08-23 20:53:20"
ELEANOR,HUNT,"2005-08-23 05:57:04"
VALERIE,BLACK,"2005-08-23 05:04:33"
DANIELLE,DANIELS,"2005-08-21 19:47:55"
MEGAN,PALMER,"2005-08-23 20:31:38"
ALICIA,MILLS,"2006-02-14 15:16:03"
SUZANNE,NICHOLS,"2005-08-23 06:15:09"
MICHELE,GRANT,"2005-08-23 11:16:16"
GAIL,KNIGHT,"2006-02-14 15:16:03"
BERTHA,FERGUSON,"2005-08-22 23:26:32"
DARLENE,ROSE,"2005-08-22 07:04:25"
VERONICA,STONE,"2005-08-23 14:26:51"
JILL,HAWKINS,"2005-08-22 16:14:25"
ERIN,DUNN,"2005-08-23 21:49:33"
GERALDINE,PERKINS,"2005-08-22 23:55:51"
LAUREN,HUDSON,"2006-02-14 15:16:03"
CATHY,SPENCER,"2006-02-14 15:16:03"
JOANN,GARDNER,"2005-08-20 00:30:51"
LORRAINE,STEPHENS,"2005-08-23 15:23:50"
LYNN,PAYNE,"2005-08-23 14:31:50"
SALLY,PIERCE,"2005-08-23 17:52:01"
REGINA,BERRY,"2006-02-14 15:16:03"
ERICA,MATTHEWS,"2005-08-23 09:33:22"
BEATRICE,ARNOLD,"2005-08-23 04:27:06"
DOLORES,WAGNER,"2005-08-23 14:43:15"
BERNICE,WILLIS,"2005-08-23 22:14:31"
AUDREY,RAY,"2005-08-23 21:10:24"
YVONNE,WATKINS,"2005-08-23 20:06:23"
ANNETTE,OLSON,"2006-02-14 15:16:03"
JUNE,CARROLL,"2005-08-23 18:36:44"
SAMANTHA,DUNCAN,"2005-08-22 03:55:02"
MARION,SNYDER,"2006-02-14 15:16:03"
DANA,HART,"2005-08-23 20:20:23"
STACY,CUNNINGHAM,"2006-02-14 15:16:03"
ANA,BRADLEY,"2006-02-14 15:16:03"
RENEE,LANE,"2005-08-22 09:49:32"
IDA,ANDREWS,"2005-08-20 03:35:16"
VIVIAN,RUIZ,"2005-08-23 06:56:18"
ROBERTA,HARPER,"2005-08-21 14:51:35"
HOLLY,FOX,"2006-02-14 15:16:03"
BRITTANY,RILEY,"2005-08-23 19:59:33"
MELANIE,ARMSTRONG,"2006-02-14 15:16:03"
LORETTA,CARPENTER,"2005-08-23 21:04:51"
YOLANDA,WEAVER,"2006-02-14 15:16:03"
JEANETTE,GREENE,"2006-02-14 15:16:03"
LAURIE,LAWRENCE,"2006-02-14 15:16:03"
KATIE,ELLIOTT,"2006-02-14 15:16:03"
KRISTEN,CHAVEZ,"2005-08-23 18:43:22"
VANESSA,SIMS,"2005-08-23 22:19:33"
ALMA,AUSTIN,"2005-08-23 20:10:13"
SUE,PETERS,"2005-08-23 04:12:52"
ELSIE,KELLEY,"2005-08-23 00:27:18"
BETH,FRANKLIN,"2006-02-14 15:16:03"
JEANNE,LAWSON,"2006-02-14 15:16:03"
VICKI,FIELDS,"2005-08-23 20:06:04"
CARLA,GUTIERREZ,"2005-08-23 13:22:56"
TARA,RYAN,"2005-08-23 20:27:34"
ROSEMARY,SCHMIDT,"2005-08-22 23:48:56"
EILEEN,CARR,"2005-08-22 23:54:14"
TERRI,VASQUEZ,"2005-08-23 10:36:00"
GERTRUDE,CASTILLO,"2005-08-23 07:25:29"
LUCY,WHEELER,"2006-02-14 15:16:03"
TONYA,CHAPMAN,"2005-08-23 02:51:27"
ELLA,OLIVER,"2005-08-23 18:48:40"
STACEY,MONTGOMERY,"2006-02-14 15:16:03"
WILMA,RICHARDS,"2005-08-23 18:05:10"
GINA,WILLIAMSON,"2006-02-14 15:16:03"
KRISTIN,JOHNSTON,"2006-02-14 15:16:03"
JESSIE,BANKS,"2006-02-14 15:16:03"
NATALIE,MEYER,"2006-02-14 15:16:03"
AGNES,BISHOP,"2005-08-22 19:02:48"
VERA,MCCOY,"2005-08-23 05:30:19"
WILLIE,HOWELL,"2006-02-14 15:16:03"
CHARLENE,ALVAREZ,"2005-08-23 10:32:52"
BESSIE,MORRISON,"2005-08-22 12:53:22"
DELORES,HANSEN,"2005-08-21 08:58:38"
MELINDA,FERNANDEZ,"2005-08-23 08:52:50"
PEARL,GARZA,"2005-08-23 19:11:29"
ARLENE,HARVEY,"2005-08-21 12:07:25"
MAUREEN,LITTLE,"2005-08-23 22:06:15"
COLLEEN,BURTON,"2006-02-14 15:16:03"
ALLISON,STANLEY,"2006-02-14 15:16:03"
TAMARA,NGUYEN,"2006-02-14 15:16:03"
JOY,GEORGE,"2005-08-21 08:38:21"
GEORGIA,JACOBS,"2005-08-22 22:51:13"
CONSTANCE,REID,"2005-08-23 04:33:39"
LILLIE,KIM,"2005-08-23 15:03:58"
CLAUDIA,FULLER,"2006-02-14 15:16:03"
JACKIE,LYNCH,"2005-08-22 09:33:08"
MARCIA,DEAN,"2006-02-14 15:16:03"
TANYA,GILBERT,"2005-08-23 18:28:09"
NELLIE,GARRETT,"2005-08-23 01:05:00"
MINNIE,ROMERO,"2005-08-20 22:34:34"
MARLENE,WELCH,"2005-08-23 08:06:49"
HEIDI,LARSON,"2005-08-23 13:14:15"
GLENDA,FRAZIER,"2005-08-22 08:06:00"
LYDIA,BURKE,"2005-08-21 21:02:55"
VIOLA,HANSON,"2006-02-14 15:16:03"
COURTNEY,DAY,"2006-02-14 15:16:03"
MARIAN,MENDOZA,"2005-08-23 12:26:19"
STELLA,MORENO,"2005-08-23 13:45:44"
CAROLINE,BOWMAN,"2005-08-22 03:58:29"
DORA,MEDINA,"2005-08-22 14:33:50"
JO,FOWLER,"2005-08-22 17:52:05"
VICKIE,BREWER,"2006-02-14 15:16:03"
MATTIE,HOFFMAN,"2006-02-14 15:16:03"
TERRY,CARLSON,"2005-08-22 17:12:29"
MAXINE,SILVA,"2005-08-23 13:25:08"
IRMA,PEARSON,"2005-08-21 17:45:21"
MABEL,HOLLAND,"2005-08-23 16:18:12"
MARSHA,DOUGLAS,"2005-08-23 19:51:29"
MYRTLE,FLEMING,"2005-08-22 04:31:37"
LENA,JENSEN,"2005-08-23 09:52:55"
CHRISTY,VARGAS,"2005-08-21 17:59:09"
DEANNA,BYRD,"2005-08-22 23:08:46"
PATSY,DAVIDSON,"2005-08-23 17:57:35"
HILDA,HOPKINS,"2006-02-14 15:16:03"
GWENDOLYN,MAY,"2006-02-14 15:16:03"
JENNIE,TERRY,"2005-08-22 05:59:59"
NORA,HERRERA,"2005-08-22 21:06:00"
MARGIE,WADE,"2006-02-14 15:16:03"
NINA,SOTO,"2005-08-22 15:49:54"
CASSANDRA,WALTERS,"2006-02-14 15:16:03"
LEAH,CURTIS,"2005-08-23 07:10:22"
PENNY,NEAL,"2005-08-22 17:48:42"
KAY,CALDWELL,"2005-08-20 16:07:55"
PRISCILLA,LOWE,"2005-08-23 12:50:00"
NAOMI,JENNINGS,"2006-02-14 15:16:03"
CAROLE,BARNETT,"2005-08-23 02:30:23"
BRANDY,GRAVES,"2005-08-23 18:08:19"
OLGA,JIMENEZ,"2005-08-22 21:05:50"
BILLIE,HORTON,"2005-08-23 21:30:45"
DIANNE,SHELTON,"2006-02-14 15:16:03"
TRACEY,BARRETT,"2005-08-23 19:09:39"
LEONA,OBRIEN,"2005-08-21 03:40:40"
JENNY,CASTRO,"2006-02-14 15:16:03"
FELICIA,SUTTON,"2005-08-23 15:29:41"
SONIA,GREGORY,"2006-02-14 15:16:03"
MIRIAM,MCKINNEY,"2005-08-23 02:06:41"
VELMA,LUCAS,"2005-08-23 07:28:22"
BECKY,MILES,"2006-02-14 15:16:03"
BOBBIE,CRAIG,"2005-08-22 12:41:33"
VIOLET,RODRIQUEZ,"2005-08-22 05:03:59"
KRISTINA,CHAMBERS,"2005-08-20 08:57:51"
TONI,HOLT,"2005-08-23 08:54:26"
MISTY,LAMBERT,"2005-08-22 12:38:20"
MAE,FLETCHER,"2005-08-23 09:18:52"
SHELLY,WATTS,"2005-08-23 15:34:46"
DAISY,BATES,"2006-02-14 15:16:03"
RAMONA,HALE,"2006-02-14 15:16:03"
SHERRI,RHODES,"2005-08-23 10:43:00"
ERIKA,PENA,"2005-08-23 08:13:26"
JAMES,GANNON,"2005-08-22 04:26:34"
JOHN,FARNSWORTH,"2006-02-14 15:16:03"
ROBERT,BAUGHMAN,"2005-08-22 18:39:11"
MICHAEL,SILVERMAN,"2005-08-23 20:22:17"
WILLIAM,SATTERFIELD,"2005-08-23 02:55:42"
DAVID,ROYAL,"2005-08-22 06:05:38"
RICHARD,MCCRARY,"2005-08-23 06:59:07"
CHARLES,KOWALSKI,"2005-08-23 16:19:14"
JOSEPH,JOY,"2005-08-23 03:03:53"
THOMAS,GRIGSBY,"2005-08-23 15:03:13"
CHRISTOPHER,GRECO,"2005-08-22 23:58:09"
DANIEL,CABRAL,"2005-08-22 06:53:21"
PAUL,TROUT,"2005-08-23 21:34:33"
MARK,RINEHART,"2005-08-23 16:44:31"
DONALD,MAHON,"2005-08-23 05:24:29"
GEORGE,LINTON,"2005-08-23 21:37:59"
KENNETH,GOODEN,"2006-02-14 15:16:03"
STEVEN,CURLEY,"2005-08-23 15:34:49"
EDWARD,BAUGH,"2006-02-14 15:16:03"
BRIAN,WYMAN,"2005-08-21 06:34:05"
RONALD,WEINER,"2005-08-22 23:07:57"
ANTHONY,SCHWAB,"2005-08-22 19:44:53"
KEVIN,SCHULER,"2005-08-23 16:56:14"
JASON,MORRISSEY,"2005-08-23 10:23:48"
MATTHEW,MAHAN,"2005-08-23 11:30:32"
GARY,COY,"2006-02-14 15:16:03"
TIMOTHY,BUNN,"2005-08-22 08:27:27"
JOSE,ANDREW,"2005-08-19 01:38:18"
LARRY,THRASHER,"2006-02-14 15:16:03"
JEFFREY,SPEAR,"2005-08-23 16:17:09"
FRANK,WAGGONER,"2005-08-22 19:54:31"
SCOTT,SHELLEY,"2006-02-14 15:16:03"
ERIC,ROBERT,"2005-08-23 03:30:51"
STEPHEN,QUALLS,"2005-08-22 16:37:36"
ANDREW,PURDY,"2005-08-22 19:59:42"
RAYMOND,MCWHORTER,"2006-02-14 15:16:03"
GREGORY,MAULDIN,"2006-02-14 15:16:03"
JOSHUA,MARK,"2006-02-14 15:16:03"
JERRY,JORDON,"2006-02-14 15:16:03"
DENNIS,GILMAN,"2005-08-22 15:26:29"
WALTER,PERRYMAN,"2005-08-21 23:24:52"
PATRICK,NEWSOM,"2005-08-22 22:25:17"
PETER,MENARD,"2005-08-23 18:43:31"
HAROLD,MARTINO,"2005-08-23 17:09:31"
DOUGLAS,GRAF,"2005-08-23 20:04:41"
HENRY,BILLINGSLEY,"2005-08-22 16:55:26"
CARL,ARTIS,"2005-08-23 04:28:25"
ARTHUR,SIMPKINS,"2005-08-23 15:15:19"
RYAN,SALISBURY,"2005-08-23 04:51:52"
ROGER,QUINTANILLA,"2005-08-23 18:50:54"
JOE,GILLILAND,"2006-02-14 15:16:03"
JUAN,FRALEY,"2005-08-23 14:35:10"
JACK,FOUST,"2005-08-23 13:01:43"
ALBERT,CROUSE,"2006-02-14 15:16:03"
JONATHAN,SCARBOROUGH,"2005-08-23 09:23:08"
JUSTIN,NGO,"2006-02-14 15:16:03"
TERRY,GRISSOM,"2006-02-14 15:16:03"
GERALD,FULTZ,"2005-08-23 12:47:16"
KEITH,RICO,"2005-08-23 16:22:20"
SAMUEL,MARLOW,"2005-08-20 20:16:35"
WILLIE,MARKHAM,"2006-02-14 15:16:03"
RALPH,MADRIGAL,"2005-08-22 19:56:41"
LAWRENCE,LAWTON,"2006-02-14 15:16:03"
NICHOLAS,BARFIELD,"2005-08-22 06:17:12"
ROY,WHITING,"2005-08-22 20:44:55"
BENJAMIN,VARNEY,"2005-08-22 17:48:10"
BRUCE,SCHWARZ,"2005-08-21 12:51:49"
BRANDON,HUEY,"2006-02-14 15:16:03"
ADAM,GOOCH,"2005-08-21 13:41:14"
HARRY,ARCE,"2005-08-23 00:31:09"
FRED,WHEAT,"2006-02-14 15:16:03"
WAYNE,TRUONG,"2005-08-23 20:13:31"
BILLY,POULIN,"2005-08-23 15:09:17"
STEVE,MACKENZIE,"2005-08-23 05:08:58"
LOUIS,LEONE,"2006-02-14 15:16:03"
JEREMY,HURTADO,"2006-02-14 15:16:03"
AARON,SELBY,"2005-08-23 02:46:13"
RANDY,GAITHER,"2005-08-22 22:30:50"
HOWARD,FORTNER,"2005-08-23 20:44:10"
EUGENE,CULPEPPER,"2005-08-22 06:52:49"
CARLOS,COUGHLIN,"2005-08-23 18:26:51"
RUSSELL,BRINSON,"2005-08-23 12:33:00"
BOBBY,BOUDREAU,"2005-08-23 12:29:24"
VICTOR,BARKLEY,"2005-08-23 18:44:21"
MARTIN,BALES,"2005-08-23 16:44:25"
ERNEST,STEPP,"2005-08-22 20:20:04"
PHILLIP,HOLM,"2005-08-23 02:06:01"
TODD,TAN,"2005-08-23 19:06:04"
JESSE,SCHILLING,"2005-08-22 07:16:36"
CRAIG,MORRELL,"2006-02-14 15:16:03"
ALAN,KAHN,"2005-08-23 21:11:33"
SHAWN,HEATON,"2005-08-22 22:21:35"
CLARENCE,GAMEZ,"2005-08-21 09:55:47"
SEAN,DOUGLASS,"2005-08-21 11:51:10"
PHILIP,CAUSEY,"2005-08-23 22:50:12"
CHRIS,BROTHERS,"2006-02-14 15:16:03"
JOHNNY,TURPIN,"2005-08-23 19:54:24"
EARL,SHANKS,"2005-08-22 16:15:33"
JIMMY,SCHRADER,"2005-08-22 11:17:37"
ANTONIO,MEEK,"2005-08-22 15:56:42"
DANNY,ISOM,"2005-08-23 01:25:30"
BRYAN,HARDISON,"2005-08-23 20:23:08"
TONY,CARRANZA,"2005-08-23 18:23:11"
LUIS,YANEZ,"2005-08-23 00:11:52"
MIKE,WAY,"2005-08-22 23:27:43"
STANLEY,SCROGGINS,"2005-08-22 19:28:02"
LEONARD,SCHOFIELD,"2006-02-14 15:16:03"
NATHAN,RUNYON,"2005-08-21 17:45:52"
DALE,RATCLIFF,"2005-08-22 20:44:35"
MANUEL,MURRELL,"2005-08-23 13:06:19"
RODNEY,MOELLER,"2005-08-21 20:49:21"
CURTIS,IRBY,"2006-02-14 15:16:03"
NORMAN,CURRIER,"2006-02-14 15:16:03"
ALLEN,BUTTERFIELD,"2006-02-14 15:16:03"
MARVIN,YEE,"2005-08-23 09:23:45"
VINCENT,RALSTON,"2005-08-23 01:59:14"
GLENN,PULLEN,"2005-08-23 19:27:04"
JEFFERY,PINSON,"2005-08-23 12:55:51"
TRAVIS,ESTEP,"2006-02-14 15:16:03"
JEFF,EAST,"2005-08-23 19:21:22"
CHAD,CARBONE,"2005-08-23 13:33:46"
JACOB,LANCE,"2005-08-23 06:21:20"
LEE,HAWKS,"2006-02-14 15:16:03"
MELVIN,ELLINGTON,"2006-02-14 15:16:03"
ALFRED,CASILLAS,"2005-08-23 12:46:38"
KYLE,SPURLOCK,"2006-02-14 15:16:03"
FRANCIS,SIKES,"2005-08-23 22:12:44"
BRADLEY,MOTLEY,"2005-08-22 01:32:14"
JESUS,MCCARTNEY,"2005-08-22 20:35:30"
HERBERT,KRUGER,"2005-08-17 00:40:03"
FREDERICK,ISBELL,"2005-08-21 14:04:39"
RAY,HOULE,"2005-08-22 09:11:48"
JOEL,FRANCISCO,"2006-02-14 15:16:03"
EDWIN,BURK,"2005-08-23 10:56:15"
DON,BONE,"2005-08-23 02:40:04"
EDDIE,TOMLIN,"2005-08-22 22:37:34"
RICKY,SHELBY,"2005-08-22 13:19:25"
TROY,QUIGLEY,"2005-08-23 13:10:16"
RANDALL,NEUMANN,"2005-08-22 07:52:18"
BARRY,LOVELACE,"2006-02-14 15:16:03"
ALEXANDER,FENNELL,"2005-08-23 21:27:35"
BERNARD,COLBY,"2006-02-14 15:16:03"
MARIO,CHEATHAM,"2006-02-14 15:16:03"
LEROY,BUSTAMANTE,"2005-08-22 16:35:25"
FRANCISCO,SKIDMORE,"2005-08-23 03:23:32"
MARCUS,HIDALGO,"2005-08-23 14:55:47"
MICHEAL,FORMAN,"2005-08-23 17:36:00"
THEODORE,CULP,"2005-08-23 19:10:32"
CLIFFORD,BOWENS,"2005-08-23 21:59:57"
MIGUEL,BETANCOURT,"2006-02-14 15:16:03"
OSCAR,AQUINO,"2005-08-22 06:37:43"
JAY,ROBB,"2006-02-14 15:16:03"
JIM,REA,"2005-08-23 08:31:49"
TOM,MILNER,"2006-02-14 15:16:03"
CALVIN,MARTEL,"2005-08-23 07:25:38"
ALEX,GRESHAM,"2005-08-23 06:55:26"
JON,WILES,"2005-08-23 02:25:09"
RONNIE,RICKETTS,"2005-08-23 17:43:16"
BILL,GAVIN,"2006-02-14 15:16:03"
LLOYD,DOWD,"2005-08-23 06:44:19"
TOMMY,COLLAZO,"2005-08-23 14:52:50"
LEON,BOSTIC,"2005-08-23 19:14:07"
DEREK,BLAKELY,"2005-08-23 07:03:19"
WARREN,SHERROD,"2005-08-23 21:17:17"
DARRELL,POWER,"2005-08-22 14:23:11"
JEROME,KENYON,"2005-08-23 20:13:38"
FLOYD,GANDY,"2005-08-23 16:08:15"
LEO,EBERT,"2005-08-23 21:00:22"
ALVIN,DELOACH,"2005-08-23 15:19:15"
TIM,CARY,"2005-08-23 22:24:39"
WESLEY,BULL,"2005-08-23 15:46:33"
GORDON,ALLARD,"2005-08-21 10:45:01"
DEAN,SAUER,"2005-08-23 08:34:53"
GREG,ROBINS,"2006-02-14 15:16:03"
JORGE,OLIVARES,"2005-08-23 21:46:47"
DUSTIN,GILLETTE,"2006-02-14 15:16:03"
PEDRO,CHESTNUT,"2005-08-22 19:23:58"
DERRICK,BOURQUE,"2006-02-14 15:16:03"
DAN,PAINE,"2005-08-23 18:23:30"
LEWIS,LYMAN,"2005-08-23 11:22:09"
ZACHARY,HITE,"2006-02-14 15:16:03"
COREY,HAUSER,"2005-08-23 05:38:41"
HERMAN,DEVORE,"2005-08-21 17:15:33"
MAURICE,CRAWLEY,"2005-08-23 16:42:53"
VERNON,CHAPA,"2005-08-19 03:10:21"
ROBERTO,VU,"2005-08-23 21:49:22"
CLYDE,TOBIAS,"2005-08-19 09:36:28"
GLEN,TALBERT,"2005-08-21 06:44:37"
HECTOR,POINDEXTER,"2005-08-23 08:59:12"
SHANE,MILLARD,"2005-08-23 02:37:19"
RICARDO,MEADOR,"2005-08-23 20:12:17"
SAM,MCDUFFIE,"2005-08-23 00:55:24"
RICK,MATTOX,"2005-08-23 09:41:28"
LESTER,KRAUS,"2005-08-23 19:22:36"
BRENT,HARKINS,"2006-02-14 15:16:03"
RAMON,CHOATE,"2005-08-22 19:28:04"
CHARLIE,BESS,"2006-02-14 15:16:03"
TYLER,WREN,"2006-02-14 15:16:03"
GILBERT,SLEDGE,"2006-02-14 15:16:03"
GENE,SANBORN,"2005-08-19 03:46:43"
MARC,OUTLAW,"2005-08-23 06:00:28"
REGINALD,KINDER,"2005-08-23 15:54:20"
